Date,Execution Time
2022-09-01,0.00308222
2022-09-01,0.001231819
2022-09-01,5.42083E-4
2022-09-01,0.003245627
2022-09-01,0.002826888
2022-09-01,0.002626048
2022-09-01,0.002497921
2022-09-01,0.001834728
2022-09-01,0.002547622
2022-09-03,0.001016964
2022-10-21,0.002367084
2023-03-12,5.45995E-4
2023-03-12,7.25151E-4
2023-03-12,8.46852E-4
2023-03-12,8.01036E-4
2023-03-12,8.66622E-4
2023-03-12,6.11241E-4
2023-03-12,6.45529E-4
2023-03-12,6.0079E-4
2023-03-12,6.14892E-4
2023-03-12,7.30372E-4
2023-03-12,8.30437E-4
2023-03-12,8.51603E-4
2023-03-12,7.91551E-4
2023-03-12,6.13169E-4
2023-03-12,5.3776E-4
